{"cameraMode":{"drawMode":0,"name":"Shaded","section":"Shading Mode"},"sceneLighting":false,"audioPlay":false,"sceneViewState":{"showFog":true,"showMaterialUpdate":true,"showSkybox":false,"showFlares":true,"showImageEffects":true,"showParticleSystems":true},"in2DMode":false,"pivot":{"x":-44.289459228515628,"y":101.0632553100586,"z":-34.07575607299805},"rotation":{"x":0.31118321418762209,"y":-0.01853027753531933,"z":0.006068842951208353,"w":0.9501499533653259},"size":4.702520847320557,"orthographic":false}