{"cameraMode":{"drawMode":0,"name":"Shaded","section":"Shading Mode"},"sceneLighting":false,"audioPlay":false,"sceneViewState":{"showFog":true,"showMaterialUpdate":true,"showSkybox":false,"showFlares":true,"showImageEffects":true,"showParticleSystems":true},"in2DMode":false,"pivot":{"x":0.0,"y":0.5899999141693115,"z":-3.0999999046325685},"rotation":{"x":0.4276515245437622,"y":-0.20308350026607514,"z":0.09922996908426285,"w":0.875228762626648},"size":4.950000286102295,"orthographic":false}