{"cameraMode":{"drawMode":0,"name":"Shaded","section":"Shading Mode"},"sceneLighting":true,"audioPlay":false,"sceneViewState":{"showFog":true,"showMaterialUpdate":true,"showSkybox":true,"showFlares":true,"showImageEffects":true,"showParticleSystems":true},"in2DMode":false,"pivot":{"x":17.546064376831056,"y":0.0,"z":5.366060256958008},"rotation":{"x":0.20932075381278993,"y":-0.01320233941078186,"z":0.0028261488769203426,"w":0.9777611494064331},"size":93.4725112915039,"orthographic":true}