{"cameraMode":{"drawMode":0,"name":"Shaded","section":"Shading Mode"},"sceneLighting":false,"audioPlay":false,"sceneViewState":{"showFog":true,"showMaterialUpdate":true,"showSkybox":false,"showFlares":true,"showImageEffects":true,"showParticleSystems":true},"in2DMode":false,"pivot":{"x":-80.93899536132813,"y":0.0,"z":-35.677146911621097},"rotation":{"x":0.5315228700637817,"y":0.002540865447372198,"z":-0.0015949445078149438,"w":0.847042441368103},"size":30.88808250427246,"orthographic":true}