{"cameraMode":{"drawMode":0,"name":"Shaded","section":"Shading Mode"},"sceneLighting":false,"audioPlay":false,"sceneViewState":{"showFog":true,"showMaterialUpdate":true,"showSkybox":false,"showFlares":true,"showImageEffects":true,"showParticleSystems":true},"in2DMode":false,"pivot":{"x":-3.345998525619507,"y":41.07747268676758,"z":-4.7349066734313969},"rotation":{"x":0.18273332715034486,"y":-0.7109581232070923,"z":0.20021496713161469,"w":0.6489039659500122},"size":5.5667853355407719,"orthographic":false}