{"cameraMode":{"drawMode":0,"name":"Shaded","section":"Shading Mode"},"sceneLighting":false,"audioPlay":false,"sceneViewState":{"showFog":true,"showMaterialUpdate":true,"showSkybox":false,"showFlares":true,"showImageEffects":true,"showParticleSystems":true},"in2DMode":false,"pivot":{"x":39.060997009277347,"y":0.8649997711181641,"z":-15.77549934387207},"rotation":{"x":0.5315228700637817,"y":0.002540865447372198,"z":-0.0015949445078149438,"w":0.847042441368103},"size":11.791927337646485,"orthographic":true}