{"cameraMode":{"drawMode":0,"name":"Shaded","section":"Shading Mode"},"sceneLighting":false,"audioPlay":false,"sceneViewState":{"showFog":true,"showMaterialUpdate":true,"showSkybox":false,"showFlares":true,"showImageEffects":true,"showParticleSystems":true},"in2DMode":false,"pivot":{"x":-0.9659996032714844,"y":-0.8240000009536743,"z":-1.5499987602233887},"rotation":{"x":0.01784188486635685,"y":-0.9411503672599793,"z":0.05030249431729317,"w":0.33376333117485049},"size":2.6700034141540529,"orthographic":true}