{"cameraMode":{"drawMode":0,"name":"Shaded","section":"Shading Mode"},"sceneLighting":false,"audioPlay":false,"sceneViewState":{"showFog":true,"showMaterialUpdate":true,"showSkybox":false,"showFlares":true,"showImageEffects":true,"showParticleSystems":true},"in2DMode":false,"pivot":{"x":-8.274998664855957,"y":7.0,"z":5.354999542236328},"rotation":{"x":0.3529896140098572,"y":0.02525358274579048,"z":-0.009542309679090977,"w":0.9352512955665588},"size":36.70289993286133,"orthographic":true}