{"cameraMode":{"drawMode":0,"name":"Shaded","section":"Shading Mode"},"sceneLighting":false,"audioPlay":false,"sceneViewState":{"showFog":true,"showMaterialUpdate":true,"showSkybox":false,"showFlares":true,"showImageEffects":true,"showParticleSystems":true},"in2DMode":false,"pivot":{"x":67.67870330810547,"y":0.8649997711181641,"z":-18.37834930419922},"rotation":{"x":0.3529896140098572,"y":0.02525358274579048,"z":-0.009542309679090977,"w":0.9352512955665588},"size":14.490072250366211,"orthographic":true}