{"cameraMode":{"drawMode":0,"name":"Shaded","section":"Shading Mode"},"sceneLighting":false,"audioPlay":false,"sceneViewState":{"showFog":true,"showMaterialUpdate":true,"showSkybox":false,"showFlares":true,"showImageEffects":true,"showParticleSystems":true},"in2DMode":false,"pivot":{"x":23.299999237060548,"y":0.0,"z":-53.029998779296878},"rotation":{"x":0.4304097294807434,"y":-0.18979379534721375,"z":0.09308996796607971,"w":0.8775343894958496},"size":2.8578836917877199,"orthographic":false}