{"cameraMode":{"drawMode":0,"name":"Shaded","section":"Shading Mode"},"sceneLighting":true,"audioPlay":false,"sceneViewState":{"showFog":true,"showMaterialUpdate":true,"showSkybox":false,"showFlares":true,"showImageEffects":true,"showParticleSystems":true},"in2DMode":false,"pivot":{"x":0.004000067710876465,"y":0.8300000429153442,"z":0.08999991416931153},"rotation":{"x":0.047981079667806628,"y":0.004494819790124893,"z":-0.00021591091353911906,"w":0.9988384246826172},"size":6.744615077972412,"orthographic":false}