{"cameraMode":{"drawMode":0,"name":"Shaded","section":"Shading Mode"},"sceneLighting":false,"audioPlay":false,"sceneViewState":{"showFog":true,"showMaterialUpdate":true,"showSkybox":false,"showFlares":true,"showImageEffects":true,"showParticleSystems":true},"in2DMode":false,"pivot":{"x":51.80870056152344,"y":0.8649997711181641,"z":-15.77549934387207},"rotation":{"x":0.3529896140098572,"y":0.02525358274579048,"z":-0.009542309679090977,"w":0.9352512955665588},"size":16.489028930664064,"orthographic":true}